edad,unidad,sexo,fuente,fis,fdx,departamento,fallecido,asintomatico,demora_dx
81.0,1,F,R,2020-10-31,2020-11-07,BOGOTA,1,0,7.0
78.0,1,M,C,2020-10-31,2020-11-07,BOGOTA,1,0,7.0
89.0,1,M,C,2020-07-19,2020-07-24,BOGOTA,1,0,5.0
74.0,1,M,C,2020-07-19,2020-07-24,BOGOTA,1,0,5.0
100.0,1,F,C,2020-07-16,2020-07-23,BOGOTA,1,0,7.0
65.0,1,M,R,2020-06-24,2020-07-09,BOGOTA,1,0,15.0
54.0,1,M,C,2020-07-12,2020-07-18,BOGOTA,1,0,6.0
67.0,1,F,C,2020-12-13,2020-12-17,BOGOTA,1,0,4.0
70.0,1,M,C,2020-07-16,2020-07-24,BOGOTA,1,0,8.0
76.0,1,M,C,2020-07-06,2020-07-24,BOGOTA,1,0,18.0
62.0,1,M,C,2020-11-30,2020-12-03,BOGOTA,1,0,3.0
66.0,1,M,C,2020-12-03,2020-12-03,BOGOTA,1,0,0.0
62.0,1,M,R,2020-11-30,2020-12-05,BOGOTA,1,0,5.0
65.0,1,M,C,2020-10-25,2020-11-09,BOGOTA,1,0,15.0
38.0,1,M,R,2020-11-06,2020-11-10,BOGOTA,1,0,4.0
79.0,1,M,C,2020-12-05,2020-12-11,BOGOTA,1,0,6.0
54.0,1,M,C,2020-08-03,2020-08-13,BOGOTA,1,0,10.0
72.0,1,M,C,2020-07-10,2020-08-13,BOGOTA,1,0,34.0
38.0,1,F,C,2020-10-31,2020-11-10,BOGOTA,1,0,10.0
37.0,1,M,C,2020-09-24,2020-10-02,BOGOTA,1,0,8.0
66.0,1,M,C,2020-09-25,2020-10-02,BOGOTA,1,0,7.0
82.0,1,F,C,2020-09-17,2020-10-01,BOGOTA,1,0,14.0
61.0,1,F,C,2020-12-29,2021-01-05,BOGOTA,1,0,7.0
62.0,1,M,C,2020-12-24,2021-01-05,BOGOTA,1,0,12.0
87.0,1,F,R,2020-08-05,2020-08-08,BOGOTA,1,0,3.0
70.0,1,M,C,2021-01-03,2021-01-10,BOGOTA,1,0,7.0
60.0,1,F,R,2020-05-10,2020-05-23,BOGOTA,1,0,13.0
52.0,1,M,C,2020-07-07,2020-07-18,BOGOTA,1,0,11.0
41.0,1,M,R,2020-07-10,2020-07-18,BOGOTA,1,0,8.0
51.0,1,M,C,2020-07-10,2020-07-18,BOGOTA,1,0,8.0
54.0,1,M,C,2020-07-07,2020-07-18,BOGOTA,1,0,11.0
62.0,1,M,C,2020-07-12,2020-07-18,BOGOTA,1,0,6.0
81.0,1,M,C,2020-07-15,2020-07-18,BOGOTA,1,0,3.0
79.0,1,M,R,2020-08-05,2020-08-13,BOGOTA,1,0,8.0
81.0,1,M,C,2020-06-28,2020-07-09,BOGOTA,1,0,11.0
75.0,1,M,C,2020-07-01,2020-07-09,BOGOTA,1,0,8.0
62.0,1,M,R,2020-10-29,2020-11-06,BOGOTA,1,0,8.0
85.0,1,M,R,2020-07-27,2020-08-07,BOGOTA,1,0,11.0
66.0,1,M,C,2020-07-02,2020-07-09,BOGOTA,1,0,7.0
54.0,1,M,C,2020-11-01,2020-11-10,BOGOTA,1,0,9.0
62.0,1,F,R,2020-07-14,2020-07-24,BOGOTA,1,0,10.0
72.0,1,M,C,2020-08-14,2020-08-18,BOGOTA,1,0,4.0
77.0,1,F,C,2020-08-13,2020-09-01,BOGOTA,1,0,19.0
87.0,1,M,C,2020-07-14,2020-07-23,BOGOTA,1,0,9.0
68.0,1,F,C,2020-06-30,2020-07-09,BOGOTA,1,0,9.0
86.0,1,M,C,2020-11-27,2020-12-12,BOGOTA,1,0,15.0
40.0,1,M,R,2020-12-27,2021-01-04,BOGOTA,1,0,8.0
69.0,1,M,R,2020-05-13,2020-05-22,BOGOTA,1,0,9.0
80.0,1,M,C,2020-12-29,2020-12-29,BOGOTA,1,0,0.0
70.0,1,M,C,2020-12-10,2020-12-29,BOGOTA,1,0,19.0
71.0,1,F,C,2020-12-24,2020-12-28,BOGOTA,1,0,4.0
69.0,1,M,C,2020-07-07,2020-07-18,BOGOTA,1,0,11.0
68.0,1,F,C,2020-07-15,2020-07-18,BOGOTA,1,0,3.0
65.0,1,M,C,2020-07-12,2020-07-18,BOGOTA,1,0,6.0
74.0,1,M,C,2020-07-08,2020-07-18,BOGOTA,1,0,10.0
64.0,1,M,R,2020-07-10,2020-07-18,BOGOTA,1,0,8.0
72.0,1,F,C,2020-12-19,2020-12-29,BOGOTA,1,0,10.0
83.0,1,F,C,2020-12-25,2020-12-29,BOGOTA,1,0,4.0
81.0,1,M,C,2020-08-01,2020-08-13,BOGOTA,1,0,12.0
76.0,1,F,C,2020-08-02,2020-08-08,BOGOTA,1,0,6.0
53.0,1,F,C,2020-07-02,2020-07-09,BOGOTA,1,0,7.0
74.0,1,F,C,2020-12-31,2021-01-08,BOGOTA,1,0,8.0
21.0,1,M,C,2020-06-20,2020-06-23,BOGOTA,1,0,3.0
63.0,1,F,R,2021-01-05,2021-01-07,BOGOTA,1,0,2.0
64.0,1,F,C,2021-01-05,2021-01-07,BOGOTA,1,0,2.0
81.0,1,M,C,2020-10-31,2020-11-08,BOGOTA,1,0,8.0
89.0,1,F,C,2020-10-30,2020-11-09,BOGOTA,1,0,10.0
81.0,1,F,C,2020-09-27,2020-10-02,BOGOTA,1,0,5.0
85.0,1,F,C,2020-09-01,2020-09-06,BOGOTA,1,0,5.0
47.0,1,M,R,2020-08-21,2020-09-06,BOGOTA,1,0,16.0
67.0,1,M,R,2020-09-02,2020-09-07,BOGOTA,1,0,5.0
57.0,1,F,C,2020-07-02,2020-07-18,BOGOTA,1,0,16.0
82.0,1,M,R,2020-06-26,2020-07-18,BOGOTA,1,0,22.0
66.0,1,M,C,2020-06-27,2020-07-18,BOGOTA,1,0,21.0
70.0,1,M,C,2020-06-26,2020-07-18,BOGOTA,1,0,22.0
86.0,1,M,C,2020-06-24,2020-07-18,BOGOTA,1,0,24.0
75.0,1,M,C,2020-06-22,2020-07-18,BOGOTA,1,0,26.0
48.0,1,M,C,2020-06-22,2020-07-18,BOGOTA,1,0,26.0
80.0,1,M,R,2020-06-15,2020-07-18,BOGOTA,1,0,33.0
71.0,1,M,C,2020-07-05,2020-07-18,BOGOTA,1,0,13.0
50.0,1,M,C,2020-08-22,2020-08-25,BOGOTA,1,0,3.0
46.0,1,M,C,2020-08-26,2020-09-02,BOGOTA,1,0,7.0
91.0,1,F,R,2020-10-02,2020-10-10,BOGOTA,1,0,8.0
63.0,1,F,C,2020-12-20,2021-01-09,BOGOTA,1,0,20.0
54.0,1,M,C,2020-07-05,2020-07-18,BOGOTA,1,0,13.0
39.0,1,M,C,2020-07-14,2020-07-18,BOGOTA,1,0,4.0
77.0,1,M,C,2020-06-21,2020-07-18,BOGOTA,1,0,27.0
61.0,1,M,C,2020-07-07,2020-07-18,BOGOTA,1,0,11.0
66.0,1,F,R,2020-07-04,2020-07-18,BOGOTA,1,0,14.0
49.0,1,F,C,2020-07-06,2020-07-18,BOGOTA,1,0,12.0
65.0,1,M,C,2020-08-21,2020-08-24,BOGOTA,1,0,3.0
65.0,1,F,C,2020-09-23,2020-10-02,BOGOTA,1,0,9.0
90.0,1,F,C,2020-08-31,2020-09-02,BOGOTA,1,0,2.0
77.0,1,M,R,2020-09-01,2020-09-02,BOGOTA,1,0,1.0
67.0,1,M,R,2020-12-28,2020-12-28,BOGOTA,1,0,0.0
69.0,1,M,R,2020-12-25,2020-12-29,BOGOTA,1,0,4.0
71.0,1,M,C,2020-12-22,2020-12-29,BOGOTA,1,0,7.0
74.0,1,M,R,2020-12-21,2020-12-28,BOGOTA,1,0,7.0
75.0,1,M,C,2020-12-24,2020-12-29,BOGOTA,1,0,5.0
76.0,1,M,C,2020-12-09,2020-12-29,BOGOTA,1,0,20.0
34.0,1,M,R,2021-01-13,2021-01-13,BOGOTA,0,0,0.0
64.0,1,M,R,2020-10-31,2020-11-06,BOGOTA,0,0,6.0
44.0,1,M,C,2020-07-30,2020-08-04,BOGOTA,0,0,5.0
22.0,1,F,C,2020-07-30,2020-08-04,BOGOTA,0,0,5.0
47.0,1,M,C,2020-07-30,2020-08-04,BOGOTA,0,0,5.0
45.0,1,F,R,2020-07-08,2020-07-23,BOGOTA,0,0,15.0
76.0,1,M,C,2020-07-01,2020-07-24,BOGOTA,0,0,23.0
4.0,1,F,C,2020-07-07,2020-07-24,BOGOTA,0,0,17.0
59.0,1,M,R,,2021-05-26,BOGOTA,0,1,
14.0,1,M,C,2020-07-01,2020-07-24,BOGOTA,0,0,23.0
25.0,1,F,C,2020-07-02,2020-07-24,BOGOTA,0,0,22.0
58.0,1,F,R,2020-07-06,2020-07-24,BOGOTA,0,0,18.0
40.0,1,M,R,2020-07-14,2020-07-24,BOGOTA,0,0,10.0
35.0,1,M,C,2020-07-08,2020-07-24,BOGOTA,0,0,16.0
22.0,1,M,R,2020-07-13,2020-07-24,BOGOTA,0,0,11.0
28.0,1,F,C,,2021-09-18,BOGOTA,0,1,
42.0,1,F,R,2020-07-13,2020-07-24,BOGOTA,0,0,11.0
51.0,1,M,C,2020-07-17,2020-07-24,BOGOTA,0,0,7.0
33.0,1,F,C,2020-07-13,2020-07-23,BOGOTA,0,0,10.0
50.0,1,M,C,2020-07-21,2020-07-24,BOGOTA,0,0,3.0
12.0,1,M,R,2020-07-13,2020-07-24,BOGOTA,0,0,11.0
24.0,1,M,C,2020-07-08,2020-07-24,BOGOTA,0,0,16.0
68.0,1,M,R,2020-07-21,2020-07-24,BOGOTA,0,0,3.0
22.0,1,F,R,2020-07-20,2020-07-22,BOGOTA,0,0,2.0
24.0,1,M,C,2020-07-14,2020-07-24,BOGOTA,0,0,10.0
43.0,1,F,C,2020-07-12,2020-07-24,BOGOTA,0,0,12.0
60.0,1,F,C,2020-07-21,2020-07-23,BOGOTA,0,0,2.0
33.0,1,M,R,2020-07-12,2020-07-24,BOGOTA,0,0,12.0
40.0,1,M,R,2021-01-09,2021-01-12,BOGOTA,0,0,3.0
35.0,1,M,C,2021-01-05,2021-01-12,BOGOTA,0,0,7.0
35.0,1,M,R,2021-01-09,2021-01-12,BOGOTA,0,0,3.0
49.0,1,M,R,2021-01-01,2021-01-12,BOGOTA,0,0,11.0
39.0,1,M,C,2021-01-08,2021-01-12,BOGOTA,0,0,4.0
55.0,1,M,R,2021-01-07,2021-01-12,BOGOTA,0,0,5.0
58.0,1,M,R,2021-01-07,2021-01-12,BOGOTA,0,0,5.0
24.0,1,M,C,2021-01-07,2021-01-12,BOGOTA,0,0,5.0
59.0,1,M,R,2021-01-05,2021-01-05,BOGOTA,0,0,0.0
54.0,1,M,C,2021-01-04,2021-01-12,BOGOTA,0,0,8.0
34.0,1,M,C,2021-01-09,2021-01-12,BOGOTA,0,0,3.0
35.0,1,M,C,2021-01-09,2021-01-12,BOGOTA,0,0,3.0
34.0,1,M,C,2021-01-12,2021-01-12,BOGOTA,0,0,0.0
53.0,1,M,C,2021-01-06,2021-01-12,BOGOTA,0,0,6.0
23.0,1,M,C,2021-01-07,2021-01-11,BOGOTA,0,0,4.0
24.0,1,M,C,2021-01-03,2021-01-05,BOGOTA,0,0,2.0
35.0,1,M,C,2021-01-03,2021-01-05,BOGOTA,0,0,2.0
32.0,1,M,C,2021-01-10,2021-01-12,BOGOTA,0,0,2.0
28.0,1,M,R,2021-01-07,2021-01-12,BOGOTA,0,0,5.0
30.0,1,M,C,,2021-01-12,BOGOTA,0,1,
18.0,1,M,R,2021-01-01,2021-01-12,BOGOTA,0,0,11.0
26.0,1,M,C,2021-01-04,2021-01-12,BOGOTA,0,0,8.0
25.0,1,M,R,2021-01-07,2021-01-13,BOGOTA,0,0,6.0
34.0,1,M,R,2021-01-06,2021-01-13,BOGOTA,0,0,7.0
35.0,1,M,C,2020-12-31,2021-01-13,BOGOTA,0,0,13.0
21.0,1,M,C,2020-12-26,2021-01-12,BOGOTA,0,0,17.0
33.0,1,M,C,2021-01-03,2021-01-12,BOGOTA,0,0,9.0
30.0,1,M,R,2021-01-05,2021-01-06,BOGOTA,0,0,1.0
26.0,1,M,C,2020-12-31,2021-01-06,BOGOTA,0,0,6.0
23.0,1,M,R,2021-01-07,2021-01-12,BOGOTA,0,0,5.0
30.0,1,M,C,2021-01-05,2021-01-05,BOGOTA,0,0,0.0
26.0,1,M,C,2021-01-01,2021-01-06,BOGOTA,0,0,5.0
28.0,1,M,R,,2021-01-13,BOGOTA,0,1,
31.0,1,M,C,,2021-01-13,BOGOTA,0,1,
52.0,1,M,C,,2021-01-13,BOGOTA,0,1,
62.0,1,M,C,2021-01-08,2021-01-13,BOGOTA,0,0,5.0
62.0,1,M,R,2021-01-08,2021-01-13,BOGOTA,0,0,5.0
71.0,1,M,C,2020-12-27,2021-01-09,BOGOTA,0,0,13.0
12.0,1,M,C,,2021-01-13,BOGOTA,0,1,
32.0,1,M,C,,2021-01-13,BOGOTA,0,1,
59.0,1,M,R,,2021-01-13,BOGOTA,0,1,
68.0,1,M,R,2021-01-04,2021-01-13,BOGOTA,0,0,9.0
39.0,1,M,C,2021-01-07,2021-01-13,BOGOTA,0,0,6.0
85.0,1,M,R,2020-12-28,2021-01-13,BOGOTA,0,0,16.0
38.0,1,M,C,2021-01-01,2021-01-05,BOGOTA,0,0,4.0
54.0,1,F,C,,2021-10-22,BOGOTA,0,1,
40.0,1,M,C,2021-01-10,2021-01-11,BOGOTA,0,0,1.0
58.0,1,M,R,2021-01-09,2021-01-12,BOGOTA,0,0,3.0
27.0,1,F,C,2020-07-08,2020-07-24,BOGOTA,0,0,16.0
20.0,1,M,R,2020-07-14,2020-07-24,BOGOTA,0,0,10.0
52.0,1,M,R,2020-07-11,2020-07-24,BOGOTA,0,0,13.0
36.0,1,M,C,2020-07-18,2020-07-24,BOGOTA,0,0,6.0
74.0,1,M,C,2020-07-19,2020-07-23,BOGOTA,0,0,4.0
71.0,1,M,R,2020-07-08,2020-07-24,BOGOTA,0,0,16.0
37.0,1,M,R,2020-07-13,2020-07-24,BOGOTA,0,0,11.0
46.0,1,M,C,2020-07-08,2020-07-24,BOGOTA,0,0,16.0
51.0,1,M,C,2020-07-10,2020-07-24,BOGOTA,0,0,14.0
32.0,1,M,R,2020-07-17,2020-07-24,BOGOTA,0,0,7.0
45.0,1,M,R,2020-07-18,2020-07-23,BOGOTA,0,0,5.0
23.0,1,F,C,2020-07-05,2020-07-24,BOGOTA,0,0,19.0
33.0,1,M,C,2020-07-17,2020-07-24,BOGOTA,0,0,7.0
36.0,1,F,C,2020-07-08,2020-07-24,BOGOTA,0,0,16.0
80.0,1,F,R,2022-01-08,2022-01-15,BOGOTA,0,0,7.0
39.0,1,M,R,2020-07-13,2020-07-24,BOGOTA,0,0,11.0
64.0,1,F,C,2020-07-17,2020-07-24,BOGOTA,0,0,7.0
38.0,1,F,C,2020-07-21,2020-07-24,BOGOTA,0,0,3.0
68.0,1,F,R,2020-07-11,2020-07-24,BOGOTA,0,0,13.0
32.0,1,M,C,2020-07-14,2020-07-24,BOGOTA,0,0,10.0
46.0,1,F,C,2020-07-11,2020-07-24,BOGOTA,0,0,13.0
31.0,1,F,C,2020-07-07,2020-07-24,BOGOTA,0,0,17.0
29.0,1,F,C,2020-07-14,2020-07-24,BOGOTA,0,0,10.0
73.0,1,F,C,2020-07-06,2020-07-24,BOGOTA,0,0,18.0
71.0,1,M,C,2020-07-30,2020-08-04,ANTIOQUIA,1,0,5.0
94.0,1,M,C,2020-06-16,2020-06-25,ANTIOQUIA,1,0,9.0
75.0,1,F,C,2020-06-19,2020-06-25,ANTIOQUIA,1,0,6.0
52.0,1,M,C,2020-07-21,2020-07-31,ANTIOQUIA,1,0,10.0
61.0,1,M,C,2020-07-27,2020-08-04,ANTIOQUIA,1,0,8.0
60.0,1,F,C,2020-08-28,2020-09-12,ANTIOQUIA,1,0,15.0
87.0,1,F,C,2020-10-17,2020-10-22,ANTIOQUIA,1,0,5.0
65.0,1,F,C,2020-10-10,2020-10-25,ANTIOQUIA,1,0,15.0
68.0,1,F,C,2020-09-18,2020-09-18,ANTIOQUIA,1,0,0.0
75.0,1,M,C,2020-09-18,2020-09-22,ANTIOQUIA,1,0,4.0
86.0,1,F,C,2020-07-09,2020-07-16,ANTIOQUIA,1,0,7.0
66.0,1,M,C,2020-09-16,2020-09-22,ANTIOQUIA,1,0,6.0
90.0,1,M,C,2020-06-17,2020-07-09,ANTIOQUIA,1,0,22.0
72.0,1,F,C,2020-12-06,2020-12-10,ANTIOQUIA,1,0,4.0
76.0,1,F,C,2020-12-06,2020-12-10,ANTIOQUIA,1,0,4.0
34.0,1,M,C,2020-07-26,2020-07-30,ANTIOQUIA,1,0,4.0
90.0,1,F,R,2020-11-09,2020-11-21,ANTIOQUIA,1,0,12.0
77.0,1,M,C,2020-12-26,2020-12-31,ANTIOQUIA,1,0,5.0
62.0,1,M,C,2020-12-09,2020-12-10,ANTIOQUIA,1,0,1.0
80.0,1,F,C,2020-07-25,2020-07-30,ANTIOQUIA,1,0,5.0
70.0,1,F,C,2020-11-29,2020-12-11,ANTIOQUIA,1,0,12.0
75.0,1,F,C,2020-12-05,2020-12-11,ANTIOQUIA,1,0,6.0
80.0,1,M,C,2020-12-08,2020-12-11,ANTIOQUIA,1,0,3.0
85.0,1,M,C,2020-08-24,2020-08-29,ANTIOQUIA,1,0,5.0
71.0,1,F,C,2020-08-24,2020-08-28,ANTIOQUIA,1,0,4.0
63.0,1,M,C,2020-09-30,2020-10-15,ANTIOQUIA,1,0,15.0
79.0,1,M,C,2020-12-27,2021-01-02,ANTIOQUIA,1,0,6.0
62.0,1,M,C,2020-08-08,2020-08-20,ANTIOQUIA,1,0,12.0
66.0,1,M,C,2020-08-20,2020-08-27,ANTIOQUIA,1,0,7.0
76.0,1,F,C,2020-08-29,2020-09-07,ANTIOQUIA,1,0,9.0
81.0,1,M,C,2020-08-11,2020-08-26,ANTIOQUIA,1,0,15.0
69.0,1,M,C,2020-10-02,2020-10-17,ANTIOQUIA,1,0,15.0
82.0,1,F,C,2020-10-17,2020-10-22,ANTIOQUIA,1,0,5.0
67.0,1,M,C,2020-07-13,2020-07-13,ANTIOQUIA,1,0,0.0
68.0,1,M,C,2020-09-18,2020-10-03,ANTIOQUIA,1,0,15.0
86.0,1,M,C,2020-11-01,2020-11-16,ANTIOQUIA,1,0,15.0
68.0,1,M,C,2020-10-31,2020-11-15,ANTIOQUIA,1,0,15.0
58.0,1,F,C,2020-08-18,2020-08-22,ANTIOQUIA,1,0,4.0
64.0,1,F,C,2020-09-18,2020-09-27,ANTIOQUIA,1,0,9.0
74.0,1,F,C,2020-07-31,2020-08-15,ANTIOQUIA,1,0,15.0
69.0,1,F,C,2020-09-10,2020-09-22,ANTIOQUIA,1,0,12.0
77.0,1,M,C,2020-08-14,2020-08-20,ANTIOQUIA,1,0,6.0
78.0,1,F,C,2020-07-18,2020-07-27,ANTIOQUIA,1,0,9.0
86.0,1,M,C,2020-11-13,2020-11-28,ANTIOQUIA,1,0,15.0
60.0,1,M,C,2020-09-15,2020-09-21,ANTIOQUIA,1,0,6.0
83.0,1,M,C,2020-09-11,2020-09-22,ANTIOQUIA,1,0,11.0
83.0,1,M,C,2020-10-30,2020-11-05,ANTIOQUIA,1,0,6.0
87.0,1,M,R,2020-11-17,2020-11-20,ANTIOQUIA,1,0,3.0
61.0,1,M,C,2021-01-01,2021-01-08,ANTIOQUIA,1,0,7.0
85.0,1,M,R,2020-07-12,2020-07-22,ANTIOQUIA,1,0,10.0
77.0,1,F,C,2020-09-06,2020-09-21,ANTIOQUIA,1,0,15.0
45.0,1,M,C,2020-07-08,2020-07-14,ANTIOQUIA,1,0,6.0
69.0,1,M,C,2020-07-18,2020-07-22,ANTIOQUIA,1,0,4.0
67.0,1,M,C,2020-09-12,2020-09-22,ANTIOQUIA,1,0,10.0
86.0,1,M,C,2020-09-12,2020-09-22,ANTIOQUIA,1,0,10.0
88.0,1,M,C,2020-09-14,2020-09-22,ANTIOQUIA,1,0,8.0
88.0,1,M,R,2020-10-16,2020-10-22,ANTIOQUIA,1,0,6.0
75.0,1,F,C,2020-10-16,2020-10-22,ANTIOQUIA,1,0,6.0
79.0,1,M,R,2020-07-01,2020-07-09,ANTIOQUIA,1,0,8.0
67.0,1,F,C,2020-12-28,2021-01-02,ANTIOQUIA,1,0,5.0
71.0,1,F,C,2020-08-30,2020-09-17,ANTIOQUIA,1,0,18.0
75.0,1,M,R,2021-01-06,2021-01-10,ANTIOQUIA,1,0,4.0
72.0,1,M,C,2021-01-06,2021-01-10,ANTIOQUIA,1,0,4.0
58.0,1,F,C,2020-09-01,2020-09-17,ANTIOQUIA,1,0,16.0
58.0,1,F,R,2020-11-15,2020-11-24,ANTIOQUIA,1,0,9.0
75.0,1,M,C,2020-09-07,2020-09-17,ANTIOQUIA,1,0,10.0
81.0,1,M,R,2020-12-12,2020-12-22,ANTIOQUIA,1,0,10.0
58.0,1,M,C,2020-10-29,2020-11-05,ANTIOQUIA,1,0,7.0
60.0,1,M,C,2020-09-05,2020-09-17,ANTIOQUIA,1,0,12.0
88.0,1,M,R,2020-11-17,2020-11-20,ANTIOQUIA,1,0,3.0
73.0,1,M,C,2020-07-14,2020-07-30,ANTIOQUIA,1,0,16.0
65.0,1,M,R,2020-07-15,2020-07-30,ANTIOQUIA,1,0,15.0
58.0,1,F,C,2020-07-15,2020-07-30,ANTIOQUIA,1,0,15.0
32.0,1,M,C,2020-10-24,2020-10-28,ANTIOQUIA,1,0,4.0
79.0,1,F,C,2020-07-29,2020-08-02,ANTIOQUIA,1,0,4.0
81.0,1,M,C,2020-12-31,2021-01-08,ANTIOQUIA,1,0,8.0
71.0,1,F,C,2020-10-30,2020-11-02,ANTIOQUIA,1,0,3.0
62.0,1,F,C,2020-12-01,2020-12-10,ANTIOQUIA,1,0,9.0
68.0,1,M,C,2020-06-17,2020-07-09,ANTIOQUIA,1,0,22.0
72.0,1,F,C,2020-09-12,2020-09-12,ANTIOQUIA,1,0,0.0
67.0,1,M,C,2020-08-12,2020-08-29,ANTIOQUIA,1,0,17.0
73.0,1,M,C,2020-10-03,2020-10-18,ANTIOQUIA,1,0,15.0
84.0,1,F,C,2020-07-16,2020-07-25,ANTIOQUIA,1,0,9.0
61.0,1,M,R,2020-11-05,2020-11-20,ANTIOQUIA,1,0,15.0
79.0,1,M,R,2020-08-28,2020-09-12,ANTIOQUIA,1,0,15.0
65.0,1,M,C,2020-07-14,2020-07-22,ANTIOQUIA,1,0,8.0
96.0,1,M,C,2020-07-18,2020-07-24,ANTIOQUIA,1,0,6.0
82.0,1,F,C,2020-07-17,2020-07-25,ANTIOQUIA,1,0,8.0
74.0,1,M,C,2020-10-25,2020-11-01,ANTIOQUIA,1,0,7.0
75.0,1,M,C,2020-10-16,2020-10-21,ANTIOQUIA,1,0,5.0
80.0,1,F,C,2020-07-28,2020-07-30,ANTIOQUIA,1,0,2.0
85.0,1,F,C,2020-07-28,2020-07-30,ANTIOQUIA,1,0,2.0
89.0,1,M,C,2020-09-22,2020-10-07,ANTIOQUIA,1,0,15.0
66.0,1,F,R,2020-12-30,2021-01-11,ANTIOQUIA,1,0,12.0
78.0,1,M,R,2021-01-01,2021-01-10,ANTIOQUIA,1,0,9.0
71.0,1,M,C,2021-01-06,2021-01-10,ANTIOQUIA,1,0,4.0
60.0,1,F,C,2021-01-04,2021-01-08,ANTIOQUIA,1,0,4.0
72.0,1,M,C,2020-12-27,2021-01-01,ANTIOQUIA,1,0,5.0
72.0,1,M,R,2020-11-14,2020-11-20,ANTIOQUIA,1,0,6.0
91.0,1,F,C,2020-11-14,2020-11-20,ANTIOQUIA,1,0,6.0
37.0,1,F,C,2020-10-31,2020-11-06,ANTIOQUIA,0,0,6.0
37.0,1,F,C,2020-10-31,2020-11-04,ANTIOQUIA,0,0,4.0
36.0,1,F,C,2020-10-31,2020-11-04,ANTIOQUIA,0,0,4.0
63.0,1,F,C,2020-10-31,2020-11-06,ANTIOQUIA,0,0,6.0
52.0,1,M,C,2020-07-30,2020-08-05,ANTIOQUIA,0,0,6.0
22.0,1,M,C,2020-10-31,2020-11-06,ANTIOQUIA,0,0,6.0
42.0,1,F,C,2020-10-31,2020-11-04,ANTIOQUIA,0,0,4.0
40.0,1,M,C,2020-10-31,2020-11-07,ANTIOQUIA,0,0,7.0
52.0,1,F,C,2020-10-31,2020-11-04,ANTIOQUIA,0,0,4.0
60.0,1,M,C,2020-07-30,2020-08-04,ANTIOQUIA,0,0,5.0
25.0,1,F,C,2020-07-30,2020-08-04,ANTIOQUIA,0,0,5.0
33.0,1,M,C,2020-07-30,2020-08-04,ANTIOQUIA,0,0,5.0
25.0,1,M,C,2020-07-30,2020-08-04,ANTIOQUIA,0,0,5.0
35.0,1,M,C,2020-07-30,2020-08-04,ANTIOQUIA,0,0,5.0
29.0,1,F,C,2020-07-30,2020-08-04,ANTIOQUIA,0,0,5.0
70.0,1,F,C,2020-07-30,2020-08-04,ANTIOQUIA,0,0,5.0
34.0,1,M,C,2020-07-30,2020-08-05,ANTIOQUIA,0,0,6.0
48.0,1,F,R,2020-07-31,2020-08-15,ANTIOQUIA,0,0,15.0
60.0,1,F,C,2020-07-31,2020-08-15,ANTIOQUIA,0,0,15.0
32.0,1,F,R,2020-07-31,2020-08-15,ANTIOQUIA,0,0,15.0
34.0,1,F,C,2020-08-01,2020-08-16,ANTIOQUIA,0,0,15.0
60.0,1,F,R,2020-08-01,2020-08-16,ANTIOQUIA,0,0,15.0
64.0,1,M,C,2020-08-01,2020-08-16,ANTIOQUIA,0,0,15.0
23.0,1,F,C,2020-07-30,2020-08-04,ANTIOQUIA,0,0,5.0
30.0,1,M,C,2020-07-30,2020-08-04,ANTIOQUIA,0,0,5.0
33.0,1,F,R,2020-07-30,2020-08-04,ANTIOQUIA,0,0,5.0
49.0,1,M,C,2020-07-30,2020-08-04,ANTIOQUIA,0,0,5.0
32.0,1,F,R,2020-07-21,2020-08-05,ANTIOQUIA,0,0,15.0
62.0,1,M,C,2020-07-31,2020-08-15,ANTIOQUIA,0,0,15.0
52.0,1,M,C,2020-07-31,2020-08-15,ANTIOQUIA,0,0,15.0
23.0,1,F,R,2020-07-31,2020-08-15,ANTIOQUIA,0,0,15.0
30.0,1,F,C,2020-07-31,2020-08-15,ANTIOQUIA,0,0,15.0
58.0,1,M,C,2020-07-31,2020-08-15,ANTIOQUIA,0,0,15.0
30.0,1,M,C,2020-06-26,2020-07-11,ANTIOQUIA,0,0,15.0
23.0,1,M,R,2020-09-07,2020-09-22,ANTIOQUIA,0,0,15.0
54.0,1,F,R,2020-09-07,2020-09-22,ANTIOQUIA,0,0,15.0
51.0,1,M,C,2020-09-07,2020-09-22,ANTIOQUIA,0,0,15.0
14.0,1,M,C,2020-09-07,2020-09-22,ANTIOQUIA,0,0,15.0
54.0,1,M,C,2020-09-07,2020-09-22,ANTIOQUIA,0,0,15.0
88.0,1,F,C,2020-09-07,2020-09-22,ANTIOQUIA,0,0,15.0
71.0,1,M,C,2020-09-07,2020-09-22,ANTIOQUIA,0,0,15.0
32.0,1,F,C,2020-09-07,2020-09-22,ANTIOQUIA,0,0,15.0
64.0,1,M,R,2020-09-07,2020-09-22,ANTIOQUIA,0,0,15.0
11.0,1,F,C,2020-09-07,2020-09-22,ANTIOQUIA,0,0,15.0
63.0,1,F,C,2020-08-17,2020-09-01,ANTIOQUIA,0,0,15.0
29.0,1,M,R,2020-08-17,2020-09-01,ANTIOQUIA,0,0,15.0
58.0,1,M,R,2020-08-17,2020-09-01,ANTIOQUIA,0,0,15.0
39.0,1,M,R,2020-08-17,2020-09-01,ANTIOQUIA,0,0,15.0
37.0,1,M,R,2020-08-17,2020-09-01,ANTIOQUIA,0,0,15.0
69.0,1,M,R,2020-08-17,2020-09-01,ANTIOQUIA,0,0,15.0
55.0,1,M,R,2020-08-17,2020-09-01,ANTIOQUIA,0,0,15.0
58.0,1,M,R,2020-08-17,2020-09-01,ANTIOQUIA,0,0,15.0
29.0,1,F,R,2020-08-17,2020-09-01,ANTIOQUIA,0,0,15.0
58.0,1,F,R,2020-09-07,2020-09-22,ANTIOQUIA,0,0,15.0
26.0,1,F,R,2020-09-07,2020-09-22,ANTIOQUIA,0,0,15.0
23.0,1,F,C,2020-09-07,2020-09-22,ANTIOQUIA,0,0,15.0
42.0,1,F,R,2020-09-07,2020-09-22,ANTIOQUIA,0,0,15.0
32.0,1,M,C,2020-09-07,2020-09-22,ANTIOQUIA,0,0,15.0
32.0,1,F,C,2020-09-07,2020-09-22,ANTIOQUIA,0,0,15.0
36.0,1,M,C,2020-09-07,2020-09-22,ANTIOQUIA,0,0,15.0
23.0,1,M,R,2020-08-17,2020-09-01,ANTIOQUIA,0,0,15.0
25.0,1,M,R,2020-08-17,2020-09-01,ANTIOQUIA,0,0,15.0
62.0,1,M,R,2020-08-17,2020-09-01,ANTIOQUIA,0,0,15.0
69.0,1,M,R,2020-08-17,2020-09-01,ANTIOQUIA,0,0,15.0
43.0,1,M,R,2020-08-17,2020-09-01,ANTIOQUIA,0,0,15.0
35.0,1,F,R,2020-08-17,2020-09-01,ANTIOQUIA,0,0,15.0
76.0,1,M,R,2020-08-17,2020-09-01,ANTIOQUIA,0,0,15.0
53.0,1,M,R,2020-08-17,2020-09-01,ANTIOQUIA,0,0,15.0
30.0,1,F,C,2020-08-17,2020-09-01,ANTIOQUIA,0,0,15.0
22.0,1,M,C,2020-08-17,2020-09-01,ANTIOQUIA,0,0,15.0
28.0,1,M,R,2020-08-17,2020-09-01,ANTIOQUIA,0,0,15.0
35.0,1,M,C,2020-08-17,2020-09-01,ANTIOQUIA,0,0,15.0
30.0,1,M,C,2020-06-26,2020-07-11,ANTIOQUIA,0,0,15.0
3.0,1,F,C,2020-06-28,2020-07-13,ANTIOQUIA,0,0,15.0
32.0,1,M,C,2020-06-28,2020-07-13,ANTIOQUIA,0,0,15.0
61.0,1,F,C,2020-08-17,2020-09-01,ANTIOQUIA,0,0,15.0
40.0,1,M,R,2020-08-17,2020-09-01,ANTIOQUIA,0,0,15.0
56.0,1,M,R,2020-08-17,2020-09-01,ANTIOQUIA,0,0,15.0
42.0,1,M,R,2020-08-17,2020-09-01,ANTIOQUIA,0,0,15.0
35.0,1,M,R,2020-08-17,2020-09-01,ANTIOQUIA,0,0,15.0
52.0,1,M,R,2020-08-17,2020-09-01,ANTIOQUIA,0,0,15.0
68.0,1,M,R,2020-08-17,2020-09-01,ANTIOQUIA,0,0,15.0
45.0,1,M,R,2020-08-17,2020-09-01,ANTIOQUIA,0,0,15.0
50.0,1,M,R,2020-08-17,2020-09-01,ANTIOQUIA,0,0,15.0
58.0,1,M,R,2020-08-17,2020-09-01,ANTIOQUIA,0,0,15.0
29.0,1,F,R,2020-10-30,2020-11-07,ANTIOQUIA,0,0,8.0
31.0,1,M,R,2020-10-30,2020-11-04,ANTIOQUIA,0,0,5.0
25.0,1,M,R,2020-10-30,2020-11-04,ANTIOQUIA,0,0,5.0
51.0,1,M,C,2020-10-30,2020-11-06,ANTIOQUIA,0,0,7.0
18.0,1,M,C,2020-06-27,2020-07-12,ANTIOQUIA,0,0,15.0
52.0,1,F,R,2020-08-15,2020-08-30,ANTIOQUIA,0,0,15.0
45.0,1,M,C,2020-08-15,2020-08-30,ANTIOQUIA,0,0,15.0
7.0,1,F,C,2020-08-15,2020-08-30,ANTIOQUIA,0,0,15.0
23.0,1,M,C,2020-08-15,2020-08-30,ANTIOQUIA,0,0,15.0
32.0,1,M,C,2020-08-15,2020-08-30,ANTIOQUIA,0,0,15.0
23.0,1,F,R,2020-08-16,2020-08-31,ANTIOQUIA,0,0,15.0
2.0,1,F,C,2020-08-16,2020-08-31,ANTIOQUIA,0,0,15.0
47.0,1,F,R,2020-08-16,2020-08-31,ANTIOQUIA,0,0,15.0
34.0,1,F,C,2020-08-16,2020-08-31,ANTIOQUIA,0,0,15.0
52.0,1,F,C,2020-08-16,2020-08-31,ANTIOQUIA,0,0,15.0
74.0,1,F,C,2020-12-17,2020-12-23,VALLE,1,0,6.0
66.0,1,F,C,2020-12-11,2020-12-22,VALLE,1,0,11.0
93.0,1,F,C,2020-11-23,2020-12-23,VALLE,1,0,30.0
63.0,1,F,C,2020-12-14,2020-12-22,VALLE,1,0,8.0
86.0,1,M,C,2020-07-30,2020-08-04,VALLE,1,0,5.0
70.0,1,M,C,2020-07-30,2020-08-04,VALLE,1,0,5.0
74.0,1,M,C,2020-09-07,2020-09-22,VALLE,1,0,15.0
65.0,1,M,C,2020-06-17,2020-06-25,VALLE,1,0,8.0
86.0,1,M,C,2020-12-29,2021-01-06,VALLE,1,0,8.0
88.0,1,M,C,2021-01-02,2021-01-05,VALLE,1,0,3.0
82.0,1,M,C,2021-01-01,2021-01-05,VALLE,1,0,4.0
75.0,1,F,C,2020-12-22,2021-01-04,VALLE,1,0,13.0
85.0,1,F,C,2021-01-04,2021-01-05,VALLE,1,0,1.0
87.0,1,F,C,2020-12-30,2021-01-05,VALLE,1,0,6.0
85.0,1,F,C,2021-01-01,2021-01-05,VALLE,1,0,4.0
87.0,1,M,R,2021-01-04,2021-01-06,VALLE,1,0,2.0
63.0,1,F,C,2021-01-04,2021-01-05,VALLE,1,0,1.0
95.0,1,M,C,2020-12-28,2021-01-05,VALLE,1,0,8.0
81.0,1,F,C,2021-01-02,2021-01-06,VALLE,1,0,4.0
75.0,1,F,C,2020-12-28,2021-01-04,VALLE,1,0,7.0
85.0,1,M,C,2020-12-25,2021-01-05,VALLE,1,0,11.0
66.0,1,M,C,2020-09-07,2020-09-17,VALLE,1,0,10.0
50.0,1,F,C,2020-06-20,2020-06-25,VALLE,1,0,5.0
46.0,1,M,C,2020-06-14,2020-06-25,VALLE,1,0,11.0
92.0,1,F,C,2020-06-18,2020-06-25,VALLE,1,0,7.0
79.0,1,F,C,2020-06-17,2020-06-25,VALLE,1,0,8.0
78.0,1,M,C,2020-06-13,2020-06-25,VALLE,1,0,12.0
69.0,1,F,C,2020-10-10,2020-10-25,VALLE,1,0,15.0
63.0,1,F,C,2020-11-25,2020-12-10,VALLE,1,0,15.0
77.0,1,F,C,2020-11-25,2020-12-10,VALLE,1,0,15.0
66.0,1,F,C,2020-09-15,2020-10-07,VALLE,1,0,22.0
84.0,1,F,C,2020-08-16,2020-08-21,VALLE,1,0,5.0
65.0,1,M,C,2020-09-17,2020-09-22,VALLE,1,0,5.0
71.0,1,F,C,2020-09-17,2020-09-22,VALLE,1,0,5.0
80.0,1,M,C,2020-09-18,2020-09-22,VALLE,1,0,4.0
84.0,1,M,C,2020-09-21,2020-10-06,VALLE,1,0,15.0
59.0,1,M,C,2020-09-22,2020-10-07,VALLE,1,0,15.0
63.0,1,M,C,2020-05-20,2020-05-22,VALLE,1,0,2.0
77.0,1,F,C,2020-05-16,2020-05-22,VALLE,1,0,6.0
84.0,1,M,C,2020-05-12,2020-05-22,VALLE,1,0,10.0
81.0,1,F,C,2020-07-11,2020-07-30,VALLE,1,0,19.0
90.0,1,M,C,2020-12-03,2020-12-10,VALLE,1,0,7.0
70.0,1,F,C,2020-12-16,2020-12-19,VALLE,1,0,3.0
70.0,1,F,C,2020-12-25,2020-12-29,VALLE,1,0,4.0
82.0,1,F,C,2020-12-25,2020-12-30,VALLE,1,0,5.0
67.0,1,F,C,2020-12-19,2020-12-23,VALLE,1,0,4.0
76.0,1,M,C,2020-12-18,2020-12-30,VALLE,1,0,12.0
82.0,1,F,C,2020-12-18,2020-12-29,VALLE,1,0,11.0
82.0,1,F,C,2020-12-25,2020-12-29,VALLE,1,0,4.0
89.0,1,M,C,2020-11-26,2020-12-17,VALLE,1,0,21.0
93.0,1,M,C,2020-12-21,2020-12-30,VALLE,1,0,9.0
84.0,1,M,R,2020-12-17,2020-12-30,VALLE,1,0,13.0
86.0,1,F,C,2020-12-21,2020-12-30,VALLE,1,0,9.0
86.0,1,F,C,2020-12-19,2020-12-30,VALLE,1,0,11.0
80.0,1,M,C,2020-10-22,2020-10-24,VALLE,1,0,2.0
41.0,1,F,C,2020-09-23,2020-10-01,VALLE,1,0,8.0
67.0,1,F,C,2020-09-25,2020-09-25,VALLE,1,0,0.0
67.0,1,M,C,2020-11-30,2020-12-10,VALLE,1,0,10.0
87.0,1,M,R,2020-11-28,2020-12-09,VALLE,1,0,11.0
55.0,1,M,C,2020-07-31,2020-08-15,VALLE,1,0,15.0
60.0,1,M,C,2020-10-31,2020-11-15,VALLE,1,0,15.0
68.0,1,F,C,2020-11-25,2020-12-10,VALLE,1,0,15.0
33.0,1,F,C,2020-09-06,2020-09-22,VALLE,1,0,16.0
62.0,1,M,C,2020-12-23,2020-12-25,VALLE,1,0,2.0
69.0,1,F,C,2020-10-15,2020-10-21,VALLE,1,0,6.0
84.0,1,M,C,2020-10-15,2020-10-21,VALLE,1,0,6.0
62.0,1,M,C,2020-09-19,2020-10-04,VALLE,1,0,15.0
74.0,1,M,C,2020-09-19,2020-10-04,VALLE,1,0,15.0
100.0,1,F,C,2020-09-19,2020-10-04,VALLE,1,0,15.0
82.0,1,F,C,2020-06-30,2020-07-08,VALLE,1,0,8.0
75.0,1,F,C,2020-08-02,2020-08-04,VALLE,1,0,2.0
57.0,1,M,C,2020-10-31,2020-11-11,VALLE,1,0,11.0
28.0,1,M,R,2020-12-25,2021-01-09,VALLE,1,0,15.0
64.0,1,F,R,2020-12-25,2021-01-09,VALLE,1,0,15.0
70.0,1,F,R,2020-10-24,2020-11-01,VALLE,1,0,8.0
69.0,1,M,C,2020-10-24,2020-11-01,VALLE,1,0,8.0
48.0,1,M,C,2020-07-23,2020-07-30,VALLE,1,0,7.0
81.0,1,M,C,2020-07-20,2020-08-04,VALLE,1,0,15.0
76.0,1,M,C,2020-07-20,2020-08-04,VALLE,1,0,15.0
68.0,1,M,C,2020-10-28,2020-11-12,VALLE,1,0,15.0
67.0,1,F,C,2020-10-09,2020-10-14,VALLE,1,0,5.0
75.0,1,M,C,2020-07-10,2020-07-18,VALLE,1,0,8.0
55.0,1,F,C,2020-10-16,2020-10-19,VALLE,1,0,3.0
83.0,1,M,C,2020-06-13,2020-06-24,VALLE,1,0,11.0
78.0,1,M,C,2020-04-22,,VALLE,1,0,
76.0,1,M,C,2020-12-19,2020-12-30,VALLE,1,0,11.0
73.0,1,M,C,2020-12-25,2020-12-28,VALLE,1,0,3.0
64.0,1,M,C,2020-12-19,2020-12-30,VALLE,1,0,11.0
87.0,1,M,C,2020-12-18,2020-12-29,VALLE,1,0,11.0
67.0,1,M,C,2020-07-06,2020-07-08,VALLE,1,0,2.0
86.0,1,M,C,2020-12-19,2020-12-30,VALLE,1,0,11.0
76.0,1,M,C,2020-09-12,2020-10-02,VALLE,1,0,20.0
67.0,1,M,C,2020-09-12,2020-10-02,VALLE,1,0,20.0
54.0,1,M,C,2020-09-11,2020-10-02,VALLE,1,0,21.0
55.0,1,M,C,2020-09-14,2020-10-02,VALLE,1,0,18.0
79.0,1,M,C,2020-09-11,2020-09-26,VALLE,1,0,15.0
86.0,1,M,C,2020-09-11,2020-09-26,VALLE,1,0,15.0
66.0,1,M,C,2020-09-18,2020-09-26,VALLE,1,0,8.0
74.0,1,M,C,2020-09-25,2020-09-26,VALLE,1,0,1.0
49.0,1,M,C,2020-06-11,2020-06-24,VALLE,1,0,13.0
67.0,1,F,C,2020-12-21,2020-12-23,VALLE,0,0,2.0
66.0,1,F,C,2020-12-07,2020-12-23,VALLE,0,0,16.0
68.0,1,F,C,2020-12-18,2020-12-22,VALLE,0,0,4.0
65.0,1,F,C,2020-12-21,2020-12-23,VALLE,0,0,2.0
66.0,1,F,C,2020-12-09,2020-12-23,VALLE,0,0,14.0
74.0,1,F,C,2020-12-14,2020-12-22,VALLE,0,0,8.0
64.0,1,F,C,2020-12-15,2020-12-23,VALLE,0,0,8.0
65.0,1,F,C,2020-12-08,2020-12-22,VALLE,0,0,14.0
62.0,1,F,C,2020-12-08,2020-12-23,VALLE,0,0,15.0
36.0,1,F,C,2020-12-01,2020-12-12,VALLE,0,0,11.0
36.0,1,F,C,2020-12-19,2020-12-21,VALLE,0,0,2.0
35.0,1,F,C,2020-12-12,2020-12-23,VALLE,0,0,11.0
74.0,1,M,C,2021-09-13,2021-09-19,VALLE,0,0,6.0
38.0,1,M,R,2020-10-31,2020-11-06,VALLE,0,0,6.0
35.0,1,F,C,2021-08-19,2021-08-19,VALLE,0,0,0.0
22.0,1,M,C,2021-08-19,2021-08-19,VALLE,0,0,0.0
67.0,1,M,C,2021-08-19,2021-08-19,VALLE,0,0,0.0
56.0,1,F,C,2020-10-31,2020-11-05,VALLE,0,0,5.0
87.0,1,F,C,2020-10-31,2020-11-05,VALLE,0,0,5.0
57.0,1,M,C,2020-10-31,2020-11-07,VALLE,0,0,7.0
35.0,1,F,C,2020-12-21,2020-12-22,VALLE,0,0,1.0
88.0,1,M,C,2020-12-18,2020-12-23,VALLE,0,0,5.0
63.0,1,F,C,2020-12-12,2020-12-21,VALLE,0,0,9.0
75.0,1,F,C,2020-12-21,2020-12-23,VALLE,0,0,2.0
68.0,1,F,C,2020-12-19,2020-12-22,VALLE,0,0,3.0
41.0,1,F,C,2020-12-17,2020-12-19,VALLE,0,0,2.0
82.0,1,F,C,2020-12-19,2020-12-23,VALLE,0,0,4.0
87.0,1,F,C,2020-12-21,2020-12-22,VALLE,0,0,1.0
83.0,1,F,C,2020-12-12,2020-12-16,VALLE,0,0,4.0
81.0,1,F,C,2020-12-20,2020-12-20,VALLE,0,0,0.0
41.0,1,F,C,2020-12-11,2020-12-22,VALLE,0,0,11.0
78.0,1,F,C,2020-12-14,2020-12-19,VALLE,0,0,5.0
35.0,1,F,C,2020-12-06,2020-12-15,VALLE,0,0,9.0
40.0,1,F,C,2020-12-07,2020-12-12,VALLE,0,0,5.0
10.0,1,M,R,2020-11-19,2020-11-30,VALLE,0,0,11.0
40.0,1,F,C,2020-11-20,2020-12-01,VALLE,0,0,11.0
33.0,1,F,R,2020-11-09,2020-11-20,VALLE,0,0,11.0
33.0,1,F,C,2020-11-20,2020-12-01,VALLE,0,0,11.0
32.0,1,F,C,2020-11-13,2020-11-24,VALLE,0,0,11.0
32.0,1,M,C,2020-11-17,2020-11-28,VALLE,0,0,11.0
35.0,1,M,C,2020-11-21,2020-12-02,VALLE,0,0,11.0
33.0,1,F,C,2020-11-24,2020-12-05,VALLE,0,0,11.0
33.0,1,F,R,2020-11-03,2020-11-14,VALLE,0,0,11.0
32.0,1,M,C,2020-11-12,2020-11-23,VALLE,0,0,11.0
34.0,1,F,C,2020-11-21,2020-12-02,VALLE,0,0,11.0
33.0,1,M,C,2020-07-23,2020-08-03,VALLE,0,0,11.0
33.0,1,F,C,2020-11-03,2020-11-14,VALLE,0,0,11.0
32.0,1,F,C,2020-11-19,2020-11-30,VALLE,0,0,11.0
33.0,1,F,C,2020-11-20,2020-12-01,VALLE,0,0,11.0
32.0,1,F,C,2020-11-15,2020-11-26,VALLE,0,0,11.0
31.0,1,F,C,2020-11-13,2020-11-24,VALLE,0,0,11.0
30.0,1,F,C,2020-11-19,2020-11-30,VALLE,0,0,11.0
29.0,1,M,C,2020-11-12,2020-11-23,VALLE,0,0,11.0
27.0,1,M,C,2020-11-24,2020-12-05,VALLE,0,0,11.0
26.0,1,M,C,2020-11-19,2020-11-30,VALLE,0,0,11.0
26.0,1,F,C,2020-11-21,2020-12-02,VALLE,0,0,11.0
24.0,1,M,C,2020-11-15,2020-11-26,VALLE,0,0,11.0
42.0,1,F,C,2020-10-31,2020-11-07,VALLE,0,0,7.0
68.0,1,F,C,2020-10-31,2020-11-07,VALLE,0,0,7.0
49.0,1,M,R,2020-10-31,2020-11-07,VALLE,0,0,7.0
21.0,1,M,C,2020-07-30,2020-08-04,VALLE,0,0,5.0
74.0,1,F,C,2021-08-19,2021-08-19,VALLE,0,0,0.0
64.0,1,F,C,2021-08-19,2021-08-19,VALLE,0,0,0.0
11.0,1,F,R,2021-08-19,2021-08-19,VALLE,0,0,0.0
52.0,1,M,C,2021-12-31,2022-01-05,VALLE,0,0,5.0
74.0,1,M,C,2021-12-28,2022-01-05,VALLE,0,0,8.0
40.0,1,M,C,2020-07-30,2020-08-04,VALLE,0,0,5.0
25.0,1,M,C,2020-07-30,2020-08-04,VALLE,0,0,5.0
24.0,1,F,R,2020-07-30,2020-08-04,VALLE,0,0,5.0
26.0,1,M,C,2020-07-30,2020-08-05,VALLE,0,0,6.0
65.0,1,F,C,2021-12-28,2022-01-03,VALLE,0,0,6.0
46.0,1,F,C,2022-01-08,2022-01-16,VALLE,0,0,8.0
24.0,1,M,C,2021-09-13,2021-09-15,VALLE,0,0,2.0
31.0,1,M,C,2021-09-08,2021-09-16,VALLE,0,0,8.0
21.0,1,M,R,2021-09-22,2021-09-28,VALLE,0,0,6.0
15.0,1,F,R,2021-09-25,2021-09-25,VALLE,0,0,0.0
25.0,1,M,C,2021-05-28,2021-06-05,VALLE,0,0,8.0
23.0,1,M,C,2021-09-23,2021-09-29,VALLE,0,0,6.0
21.0,1,M,C,2021-06-01,2021-06-06,VALLE,0,0,5.0
17.0,1,F,C,2021-09-23,2021-09-29,VALLE,0,0,6.0
25.0,1,F,R,2021-09-12,2021-09-18,VALLE,0,0,6.0
27.0,1,M,R,2021-09-15,2021-09-18,VALLE,0,0,3.0
7.0,1,M,R,2021-12-28,2022-01-03,VALLE,0,0,6.0
53.0,1,F,R,2021-12-28,2022-01-03,VALLE,0,0,6.0
28.0,1,F,R,2020-07-30,2020-08-04,VALLE,0,0,5.0
23.0,1,F,C,2021-12-29,2022-01-02,VALLE,0,0,4.0
14.0,1,M,C,2021-12-27,2022-01-04,VALLE,0,0,8.0
40.0,1,M,C,2021-12-28,2022-01-03,VALLE,0,0,6.0
14.0,1,F,C,2021-12-14,2022-01-03,VALLE,0,0,20.0
44.0,1,F,C,2021-12-28,2022-01-03,VALLE,0,0,6.0
60.0,1,F,C,2021-12-26,2022-01-03,VALLE,0,0,8.0
34.0,1,F,C,2021-08-17,2021-09-08,VALLE,0,0,22.0
79.0,1,M,C,2021-08-31,2021-09-08,VALLE,0,0,8.0
18.0,1,F,C,2021-08-08,2021-08-08,VALLE,0,0,0.0
15.0,1,M,C,2021-08-08,2021-08-08,VALLE,0,0,0.0
20.0,1,F,C,2021-09-11,2021-09-17,VALLE,0,0,6.0
24.0,1,F,R,2021-09-11,2021-09-17,VALLE,0,0,6.0
27.0,1,F,C,2021-12-29,2022-01-04,VALLE,0,0,6.0
55.0,1,F,C,2021-12-29,2022-01-04,VALLE,0,0,6.0
41.0,1,F,C,2021-12-28,2022-01-03,VALLE,0,0,6.0
61.0,1,F,C,2020-06-20,2020-07-15,ATLANTICO,1,0,25.0
79.0,1,F,C,2020-06-25,2020-07-10,ATLANTICO,1,0,15.0
78.0,1,M,C,2020-07-26,2020-07-30,ATLANTICO,1,0,4.0
36.0,1,F,C,2020-07-24,2020-08-06,ATLANTICO,1,0,13.0
89.0,1,M,C,2020-08-14,2020-08-20,ATLANTICO,1,0,6.0
96.0,1,M,R,2020-05-15,2020-05-22,ATLANTICO,1,0,7.0
82.0,1,F,C,2020-05-10,2020-05-23,ATLANTICO,1,0,13.0
79.0,1,M,C,2020-05-14,2020-05-23,ATLANTICO,1,0,9.0
87.0,1,M,C,2020-05-16,2020-05-23,ATLANTICO,1,0,7.0
68.0,1,F,R,2020-05-19,2020-05-23,ATLANTICO,1,0,4.0
37.0,1,M,C,2020-05-05,2020-05-23,ATLANTICO,1,0,18.0
66.0,1,M,C,2020-05-10,2020-05-23,ATLANTICO,1,0,13.0
74.0,1,M,C,2020-05-09,2020-05-23,ATLANTICO,1,0,14.0
60.0,1,F,C,2020-07-01,2020-07-29,ATLANTICO,1,0,28.0
50.0,1,F,C,2020-06-25,2020-06-30,ATLANTICO,1,0,5.0
86.0,1,F,C,2020-05-08,2020-05-23,ATLANTICO,1,0,15.0
67.0,1,M,C,2020-05-14,2020-05-23,ATLANTICO,1,0,9.0
64.0,1,M,C,2020-07-21,2020-07-30,ATLANTICO,1,0,9.0
58.0,1,M,C,2020-07-11,2020-07-21,ATLANTICO,1,0,10.0
68.0,1,F,C,2020-12-01,2020-12-09,ATLANTICO,1,0,8.0
52.0,1,M,C,2020-07-23,2020-08-06,ATLANTICO,1,0,14.0
63.0,1,M,C,2020-07-08,2020-07-30,ATLANTICO,1,0,22.0
59.0,1,M,C,2020-06-20,2020-07-09,ATLANTICO,1,0,19.0
70.0,1,M,C,2020-06-27,2020-07-09,ATLANTICO,1,0,12.0
69.0,1,F,C,2020-07-02,2020-07-09,ATLANTICO,1,0,7.0
83.0,1,F,C,2020-06-23,2020-07-09,ATLANTICO,1,0,16.0
65.0,1,M,C,2020-06-15,2020-07-09,ATLANTICO,1,0,24.0
81.0,1,M,C,2020-06-20,2020-07-09,ATLANTICO,1,0,19.0
87.0,1,F,C,2020-06-21,2020-07-09,ATLANTICO,1,0,18.0
66.0,1,M,C,2020-07-10,2020-08-04,ATLANTICO,1,0,25.0
42.0,1,F,R,2020-06-25,2020-07-07,ATLANTICO,1,0,12.0
78.0,1,M,C,2020-07-02,2020-07-07,ATLANTICO,1,0,5.0
84.0,1,M,C,2020-08-01,2020-08-04,ATLANTICO,1,0,3.0
81.0,1,M,C,2020-11-25,2020-12-03,ATLANTICO,1,0,8.0
76.0,1,F,C,2020-07-23,2020-08-05,ATLANTICO,1,0,13.0
84.0,1,F,C,2020-07-08,2020-08-04,ATLANTICO,1,0,27.0
56.0,1,F,C,2020-12-05,2020-12-16,ATLANTICO,1,0,11.0
85.0,1,M,R,2021-01-05,2021-01-06,ATLANTICO,1,0,1.0
84.0,1,F,C,2020-12-07,2020-12-21,ATLANTICO,1,0,14.0
92.0,1,M,C,2020-06-03,2020-06-24,ATLANTICO,1,0,21.0
67.0,1,M,C,2020-11-29,2020-12-07,ATLANTICO,1,0,8.0
54.0,1,F,C,2020-06-20,2020-07-09,ATLANTICO,1,0,19.0
73.0,1,F,C,2020-12-02,2020-12-06,ATLANTICO,1,0,4.0
73.0,1,M,C,2020-10-16,2020-10-19,ATLANTICO,1,0,3.0
78.0,1,F,C,2020-07-30,2020-08-08,ATLANTICO,1,0,9.0
33.0,1,M,C,2020-07-25,2020-08-08,ATLANTICO,1,0,14.0
60.0,1,M,C,2020-06-12,2020-06-23,ATLANTICO,1,0,11.0
58.0,1,F,C,2020-06-14,2020-06-23,ATLANTICO,1,0,9.0
81.0,1,M,C,2020-06-06,2020-06-23,ATLANTICO,1,0,17.0
42.0,1,F,C,2020-12-21,2021-01-03,ATLANTICO,1,0,13.0
79.0,1,F,C,2020-12-24,2021-01-06,ATLANTICO,1,0,13.0
57.0,1,F,C,2020-09-26,2020-10-02,ATLANTICO,1,0,6.0
44.0,1,F,R,2020-07-13,2020-07-24,ATLANTICO,1,0,11.0
68.0,1,M,C,2020-07-01,2020-07-24,ATLANTICO,1,0,23.0
77.0,1,M,C,2020-08-01,2020-08-20,ATLANTICO,1,0,19.0
81.0,1,M,C,2020-09-02,2020-09-12,ATLANTICO,1,0,10.0
89.0,1,M,C,2020-11-27,2020-12-11,ATLANTICO,1,0,14.0
65.0,1,M,C,2020-07-09,2020-07-24,ATLANTICO,1,0,15.0
57.0,1,M,C,2020-06-05,2020-06-23,ATLANTICO,1,0,18.0
80.0,1,M,C,2020-07-24,2020-08-21,ATLANTICO,1,0,28.0
39.0,1,M,C,2020-07-09,2020-07-17,ATLANTICO,1,0,8.0
73.0,1,M,C,2020-05-08,2020-05-17,ATLANTICO,1,0,9.0
77.0,1,F,C,2020-06-28,2020-07-09,ATLANTICO,1,0,11.0
81.0,1,F,C,2020-06-14,2020-06-28,ATLANTICO,1,0,14.0
74.0,1,M,C,2020-06-25,2020-07-09,ATLANTICO,1,0,14.0
85.0,1,M,C,2020-08-21,2020-09-12,ATLANTICO,1,0,22.0
69.0,1,F,C,2020-05-02,2020-05-16,ATLANTICO,1,0,14.0
59.0,1,F,C,2020-07-18,2020-07-27,ATLANTICO,1,0,9.0
41.0,1,F,C,2020-06-16,2020-06-23,ATLANTICO,1,0,7.0
66.0,1,F,C,2020-06-05,2020-06-23,ATLANTICO,1,0,18.0
73.0,1,F,C,2020-12-10,2020-12-23,ATLANTICO,1,0,13.0
28.0,1,M,C,2020-05-05,2020-05-17,ATLANTICO,1,0,12.0
50.0,1,M,C,2020-06-26,2020-07-09,ATLANTICO,1,0,13.0
85.0,1,M,C,2020-07-28,2020-08-12,ATLANTICO,1,0,15.0
55.0,1,F,C,2020-06-02,2020-06-23,ATLANTICO,1,0,21.0
83.0,1,M,C,2020-06-09,2020-06-23,ATLANTICO,1,0,14.0
70.0,1,M,C,2020-06-06,2020-06-23,ATLANTICO,1,0,17.0
78.0,1,M,C,2020-08-05,2020-08-18,ATLANTICO,1,0,13.0
70.0,1,M,C,2020-06-08,2020-06-23,ATLANTICO,1,0,15.0
54.0,1,F,C,2020-06-13,2020-06-23,ATLANTICO,1,0,10.0
66.0,1,M,C,2020-06-10,2020-06-23,ATLANTICO,1,0,13.0
52.0,1,M,C,2020-06-07,2020-06-23,ATLANTICO,1,0,16.0
79.0,1,M,C,2020-06-29,2020-07-12,ATLANTICO,1,0,13.0
70.0,1,F,C,2020-06-17,2020-06-23,ATLANTICO,1,0,6.0
62.0,1,M,C,2020-06-09,2020-06-23,ATLANTICO,1,0,14.0
62.0,1,M,C,2020-06-15,2020-06-23,ATLANTICO,1,0,8.0
54.0,1,F,C,2020-06-09,2020-06-23,ATLANTICO,1,0,14.0
56.0,1,M,C,2020-06-06,2020-06-23,ATLANTICO,1,0,17.0
93.0,1,M,C,2020-08-23,2020-08-25,ATLANTICO,1,0,2.0
60.0,1,M,C,2020-06-17,2020-06-22,ATLANTICO,1,0,5.0
72.0,1,M,C,2020-10-06,2020-10-07,ATLANTICO,1,0,1.0
97.0,1,F,C,2020-07-21,2020-07-29,ATLANTICO,1,0,8.0
55.0,1,F,C,2020-06-10,2020-06-23,ATLANTICO,1,0,13.0
62.0,1,M,C,2020-06-16,2020-06-23,ATLANTICO,1,0,7.0
84.0,1,M,C,2020-06-12,2020-06-23,ATLANTICO,1,0,11.0
88.0,1,F,C,2020-12-09,2020-12-22,ATLANTICO,1,0,13.0
79.0,1,F,C,2020-06-13,2020-06-23,ATLANTICO,1,0,10.0
68.0,1,M,C,2020-12-10,2020-12-15,ATLANTICO,1,0,5.0
66.0,1,M,C,2020-05-01,2020-05-17,ATLANTICO,1,0,16.0
59.0,1,F,C,2020-07-11,2020-08-04,ATLANTICO,1,0,24.0
75.0,1,M,C,2020-12-25,2021-01-07,ATLANTICO,0,0,13.0
52.0,1,F,C,2020-06-28,2020-07-11,ATLANTICO,0,0,13.0
80.0,1,F,C,2020-09-09,2020-09-22,ATLANTICO,0,0,13.0
21.0,1,F,C,2020-06-29,2020-07-12,ATLANTICO,0,0,13.0
15.0,1,F,C,2020-06-28,2020-07-11,ATLANTICO,0,0,13.0
5.0,1,F,C,2020-06-27,2020-07-11,ATLANTICO,0,0,14.0
8.0,1,M,C,2020-06-28,2020-07-12,ATLANTICO,0,0,14.0
58.0,1,F,R,2020-06-29,2020-07-12,ATLANTICO,0,0,13.0
26.0,1,M,C,2020-06-29,2020-07-12,ATLANTICO,0,0,13.0
22.0,1,M,C,2020-06-29,2020-07-12,ATLANTICO,0,0,13.0
33.0,1,M,C,2020-12-12,2020-12-16,ATLANTICO,0,0,4.0
43.0,1,F,C,2020-12-13,2020-12-18,ATLANTICO,0,0,5.0
56.0,1,M,C,2020-12-10,2020-12-23,ATLANTICO,0,0,13.0
57.0,1,M,C,2020-12-10,2020-12-23,ATLANTICO,0,0,13.0
24.0,1,F,C,2020-12-13,2020-12-18,ATLANTICO,0,0,5.0
19.0,1,M,R,,2020-10-18,ATLANTICO,0,1,
11.0,1,M,C,2020-12-19,2020-12-21,ATLANTICO,0,0,2.0
10.0,1,F,C,2020-12-19,2021-01-09,ATLANTICO,0,0,21.0
71.0,1,M,C,2020-12-19,2021-01-09,ATLANTICO,0,0,21.0
25.0,1,M,C,2020-12-19,2021-01-02,ATLANTICO,0,0,14.0
36.0,1,F,C,2020-12-19,2021-01-09,ATLANTICO,0,0,21.0
32.0,1,F,C,2020-06-09,2020-06-25,ATLANTICO,0,0,16.0
38.0,1,F,C,2020-06-17,2020-06-25,ATLANTICO,0,0,8.0
55.0,1,M,C,2020-06-19,2020-06-25,ATLANTICO,0,0,6.0
35.0,1,F,C,2020-06-19,2020-06-25,ATLANTICO,0,0,6.0
28.0,1,F,C,2020-06-16,2020-06-25,ATLANTICO,0,0,9.0
25.0,1,F,C,2020-06-20,2020-06-25,ATLANTICO,0,0,5.0
44.0,1,F,C,2020-06-17,2020-06-25,ATLANTICO,0,0,8.0
44.0,1,F,C,2020-06-13,2020-06-25,ATLANTICO,0,0,12.0
49.0,1,F,C,2020-10-09,2020-10-24,ATLANTICO,0,0,15.0
29.0,1,M,C,2020-10-10,2020-10-25,ATLANTICO,0,0,15.0
22.0,1,M,C,2020-11-23,2020-11-23,ATLANTICO,0,0,0.0
13.0,1,M,C,2020-11-23,2020-11-25,ATLANTICO,0,0,2.0
34.0,1,F,C,2020-10-10,2020-10-24,ATLANTICO,0,0,14.0
25.0,1,F,C,2020-06-23,2020-07-14,ATLANTICO,0,0,21.0
58.0,1,M,C,2020-06-23,2020-07-15,ATLANTICO,0,0,22.0
32.0,1,M,C,2020-06-21,2020-07-15,ATLANTICO,0,0,24.0
47.0,1,M,C,2020-06-21,2020-07-14,ATLANTICO,0,0,23.0
24.0,1,M,C,2020-06-11,2020-07-03,ATLANTICO,0,0,22.0
48.0,1,F,C,2020-06-10,2020-07-15,ATLANTICO,0,0,35.0
19.0,1,M,C,2020-06-30,2020-07-15,ATLANTICO,0,0,15.0
0.04657534246575343,3,M,R,2021-01-07,2021-01-11,ATLANTICO,0,0,4.0
31.0,1,F,C,2021-01-07,2021-01-11,ATLANTICO,0,0,4.0
55.0,1,F,C,2020-06-25,2020-07-13,ATLANTICO,0,0,18.0
28.0,1,M,C,2020-06-24,2020-07-11,ATLANTICO,0,0,17.0
34.0,1,M,C,2020-06-24,2020-07-12,ATLANTICO,0,0,18.0
29.0,1,F,C,2020-06-23,2020-07-11,ATLANTICO,0,0,18.0
56.0,1,M,C,2020-06-23,2020-07-14,ATLANTICO,0,0,21.0
41.0,1,F,C,2020-06-23,2020-07-14,ATLANTICO,0,0,21.0
30.0,1,F,C,2020-11-26,2020-11-26,ATLANTICO,0,0,0.0
45.0,1,F,C,2020-11-26,2020-11-27,ATLANTICO,0,0,1.0
14.0,1,F,C,2020-08-16,2020-08-21,ATLANTICO,0,0,5.0
38.0,1,M,C,2020-05-20,2020-05-23,ATLANTICO,0,0,3.0
21.0,1,M,R,2020-05-20,2020-05-23,ATLANTICO,0,0,3.0
36.0,1,F,R,2020-05-22,2020-05-23,ATLANTICO,0,0,1.0
46.0,1,M,R,2020-10-24,2020-11-06,ATLANTICO,0,0,13.0
46.0,1,F,C,2020-06-13,2020-06-25,ATLANTICO,0,0,12.0
23.0,1,F,C,2020-11-13,2020-11-26,ATLANTICO,0,0,13.0
28.0,1,M,C,2020-11-13,2020-11-26,ATLANTICO,0,0,13.0
48.0,1,M,C,2020-11-13,2020-11-26,ATLANTICO,0,0,13.0
45.0,1,M,C,2020-06-17,2020-07-05,ATLANTICO,0,0,18.0
1.0,1,F,C,2020-10-26,2020-11-04,ATLANTICO,0,0,9.0
35.0,1,M,C,2020-10-24,2020-11-06,ATLANTICO,0,0,13.0
30.0,1,M,C,2020-06-26,2020-07-07,ATLANTICO,0,0,11.0
75.0,1,F,C,2020-06-26,2020-07-07,ATLANTICO,0,0,11.0
27.0,1,F,C,2020-06-26,2020-07-11,ATLANTICO,0,0,15.0
40.0,1,M,C,2020-06-26,2020-07-11,ATLANTICO,0,0,15.0
35.0,1,M,C,2020-06-26,2020-07-13,ATLANTICO,0,0,17.0
41.0,1,F,C,2020-06-26,2020-07-14,ATLANTICO,0,0,18.0
50.0,1,F,C,2020-06-13,2020-08-16,ATLANTICO,0,0,64.0
26.0,1,F,R,2020-07-12,2020-07-30,ATLANTICO,0,0,18.0
43.0,1,F,C,2020-07-11,2020-07-30,ATLANTICO,0,0,19.0
25.0,1,F,C,2020-10-13,2020-10-26,ATLANTICO,0,0,13.0
37.0,1,M,C,2020-09-28,2020-10-11,ATLANTICO,0,0,13.0
24.0,1,F,C,2020-09-28,2020-10-11,ATLANTICO,0,0,13.0
38.0,1,F,C,2020-09-23,2020-10-06,ATLANTICO,0,0,13.0
49.0,1,F,C,2020-09-05,2020-09-18,ATLANTICO,0,0,13.0
54.0,1,F,C,2020-10-27,2020-11-09,ATLANTICO,0,0,13.0
23.0,1,F,C,2020-10-16,2020-10-29,ATLANTICO,0,0,13.0
23.0,1,M,C,2020-10-13,2020-10-26,ATLANTICO,0,0,13.0
64.0,1,M,C,2020-10-13,2020-10-26,ATLANTICO,0,0,13.0
45.0,1,F,C,2020-10-13,2020-10-26,ATLANTICO,0,0,13.0
16.0,1,F,C,2020-10-13,2020-10-26,ATLANTICO,0,0,13.0
31.0,1,M,C,2020-10-13,2020-10-26,ATLANTICO,0,0,13.0
41.0,1,F,R,2020-10-13,2020-10-26,ATLANTICO,0,0,13.0
58.0,1,F,C,2020-10-13,2020-10-26,ATLANTICO,0,0,13.0
26.0,1,M,C,2020-10-13,2020-10-26,ATLANTICO,0,0,13.0
10.0,1,F,C,2020-10-13,2020-10-26,ATLANTICO,0,0,13.0
30.0,1,M,C,2020-11-29,2020-12-12,ATLANTICO,0,0,13.0
26.0,1,F,C,2020-11-29,2020-12-12,ATLANTICO,0,0,13.0
50.0,1,M,C,2020-11-23,2020-11-25,ATLANTICO,0,0,2.0
30.0,1,F,C,2020-11-23,2020-11-25,ATLANTICO,0,0,2.0
27.0,1,F,C,2020-11-23,2020-11-25,ATLANTICO,0,0,2.0
22.0,1,F,C,2020-11-23,2020-11-25,ATLANTICO,0,0,2.0
32.0,1,M,C,2020-09-20,2020-10-03,ATLANTICO,0,0,13.0
24.0,1,M,C,2020-12-24,2020-12-26,ATLANTICO,0,0,2.0
48.0,1,M,C,2020-12-25,2020-12-29,ATLANTICO,0,0,4.0
32.0,1,F,C,2020-06-26,2020-07-09,ATLANTICO,0,0,13.0
12.0,1,M,C,2020-11-19,2020-11-20,ATLANTICO,0,0,1.0
76.0,1,M,C,2020-07-27,2020-07-30,ATLANTICO,0,0,3.0
